frame,fps,vehicles,people
1,2.4474650091554464,20,0
2,57.33448158020641,21,0
3,58.86990329417379,21,0
4,66.96956730001597,20,0
5,56.970022954783154,19,0
6,56.97466617764918,19,0
7,52.434043404340436,19,0
8,59.00655580878422,19,0
9,58.35553391304348,20,0
10,62.101036422860524,19,0
11,63.44144116890778,17,0
12,72.34427445366266,17,0
13,48.02326566596824,19,0
14,56.49502976751704,19,0
15,41.83760922475362,18,0
16,56.97466617764918,18,0
17,50.228779459666605,19,0
18,51.60061020619064,17,0
19,60.5195007575211,18,0
20,59.87244125959974,18,0
21,44.46604329665204,17,0
22,45.23282323379382,17,0
23,53.86082467607515,17,0
24,67.94485752701236,18,0
25,57.63306584588326,18,0
26,68.43039172499307,18,0
27,58.52898328263236,16,0
28,70.88085983709061,18,0
29,32.0376418827052,17,0
30,69.63002805584607,18,0
31,47.68747299724856,19,0
32,60.35317140554852,20,0
33,70.67066554338669,17,0
34,59.835713368617775,19,0
35,64.10074427276756,18,0
36,59.316146002743565,17,0
37,63.820815581253804,18,0
38,61.619321854615976,17,0
39,64.83797863624419,18,0
40,59.3757644394111,16,0
41,31.630297728575307,16,0
42,66.85002071977304,16,0
43,40.98962140609425,16,0
44,70.14707407221582,18,0
45,46.865826405649415,19,0
46,66.66196220537516,18,0
47,46.8093388688005,17,0
48,29.934084129091193,18,0
49,41.68666699796253,17,0
50,71.673000683527,18,0
51,67.76373271293784,16,0
52,65.16435951215723,16,0
53,61.545179750550254,16,0
54,71.95457274707931,15,0
55,71.63872378219581,18,0
56,68.3233804101712,17,0
57,67.11852906818582,19,0
58,73.96448410249175,16,0
59,58.892221286155575,16,0
60,69.32619295548834,19,0
61,43.8542063110349,17,0
62,61.39293607927517,17,0
63,65.15626116539543,17,0
64,56.85958300572079,16,0
65,68.2977919624829,16,0
66,52.89226850275539,17,0
67,45.1315865927799,17,0
68,65.78165336177287,15,0
69,66.052031496063,16,0
70,66.86067716635847,18,0
71,62.70824985796729,17,0
72,59.45319498780972,18,0
73,57.303932016285486,18,0
74,47.6333159197765,20,0
75,60.654278318462495,17,0
76,47.68422010004547,20,0
77,61.29245517382473,18,0
78,70.99003097337643,17,0
79,61.472116779762864,17,0
80,49.61853047994227,17,0
81,54.16268288588437,17,0
82,54.26639582875109,19,0
83,65.35627025679382,19,0
84,62.647368971337244,18,0
85,55.94867074846265,18,0
86,61.53615023474178,17,0
87,63.44048159240101,18,0
88,52.56415269318495,19,0
89,57.37448019260232,18,0
90,54.97986577181208,19,0
91,60.74387753624238,18,0
92,73.04350249033472,17,0
93,69.18667832340861,19,0
94,71.60814709849248,18,0
95,50.64238970321895,19,0
96,77.82073213722471,16,0
97,70.23870049401323,16,0
98,59.17638759558678,16,0
99,67.96027026589108,16,0
100,65.4164106243274,17,0
101,71.68647558495275,17,0
102,70.27165044314508,17,0
103,71.29653742201975,18,0
104,64.73190832625974,17,0
105,64.9494255009446,16,0
106,71.50072450179847,17,0
107,72.60978100926167,17,0
108,73.83298127024362,17,0
109,44.941539516543806,19,0
110,55.54339592658315,19,0
111,48.931997153423474,20,0
112,55.45673788872435,20,0
113,60.296775492014206,21,0
114,35.701369559851216,21,0
115,54.335289469252395,21,0
116,57.87242497412901,21,0
117,54.61546675000326,20,0
118,47.8005151231965,18,0
119,53.521986575810935,19,0
120,66.49392815244617,19,0
121,67.02307446468521,17,0
122,66.06867872219772,17,0
123,62.69887586701746,18,0
124,61.02847498072082,16,0
125,69.47432584641886,17,0
126,57.75925747414517,17,0
127,57.72984281663776,18,0
128,66.1207554308415,19,0
129,42.354300255480716,18,0
130,26.284876324645456,18,0
131,31.011719125464882,18,0
132,27.26601616080193,18,0
133,28.760021393601118,19,0
134,29.5138657265697,18,0
135,27.83472917192042,18,0
136,30.841150907740612,18,0
137,29.622046131898244,17,0
138,28.113087657680605,17,0
139,29.777036285026657,17,0
140,29.050047789890705,18,0
141,27.85358338203262,17,0
142,27.921261624694612,17,0
143,29.458519454979633,15,0
144,26.930931085185208,19,0
145,26.712079429877914,16,0
146,28.366725280670906,17,0
147,26.55883488997942,18,0
148,24.556239900704902,20,0
149,20.1731669191737,20,0
150,27.25113538167666,18,0
151,18.185974314281502,21,0
152,24.10519540229885,20,0
153,23.597177995566707,17,0
154,5.156438749906259,18,0
155,6.297337713424338,19,0
156,22.041294214710998,19,0
157,25.464162123438204,18,0
158,26.856092766540527,18,0
159,26.72246078568789,18,0
160,26.218332749912488,18,0
161,25.975104351164894,20,0
162,25.021350720937306,18,0
163,21.64489260906811,19,0
164,25.293708992666925,19,0
165,22.99055011072376,20,0
166,25.44377176273613,18,0
167,24.94916544725603,20,0
168,25.33144096100304,20,0
169,24.886842495624055,20,0
170,26.108172373654693,20,0
171,25.53532008158047,19,0
172,26.388730551203892,19,0
173,5.9065719580683504,19,0
174,25.2462079260365,18,0
175,25.924691571686406,18,0
176,22.72867376908821,18,0
177,25.31019334282749,19,0
178,23.350205426831305,18,0
179,24.948275041636926,17,0
180,26.481365263563298,17,0
181,26.61444842793236,18,0
182,24.329050632544273,17,0
183,27.05636010605015,16,0
184,25.890126169724205,17,0
185,26.288006417970315,18,0
186,20.259891317473734,15,0
187,26.69813686736558,15,0
188,27.515360645521042,15,0
189,24.892455058547036,17,0
190,25.785236962308577,18,0
191,5.229629426440756,18,0
192,24.987364244565313,18,0
193,25.66579366050667,18,0
194,26.661818644121666,19,0
195,26.0023185890084,18,0
196,22.32711051491294,18,0
197,25.519007057678266,18,0
198,28.227743828572965,16,0
199,27.409810354066735,17,0
200,25.872718412465378,18,0
201,27.071028869798692,17,0
202,27.543548355321484,17,0
203,27.822358427361312,17,0
204,25.39770504707984,19,0
205,26.15196219027073,18,0
206,27.198122077905236,17,0
207,27.835837536501195,17,0
208,26.915722802266558,18,0
209,4.844465131965724,19,0
210,25.748354778508986,18,0
211,26.639296783700015,16,0
212,28.827029739036007,16,0
213,22.95808291460037,17,0
214,28.158006391149065,18,0
215,26.579199513320322,19,0
216,26.886219407443495,17,0
217,27.753505329954276,18,0
218,25.75863318409885,19,0
219,24.755818139965886,18,0
220,26.842514847429857,19,0
221,27.645394745514704,16,0
222,26.820715806705334,19,0
223,27.282332815132335,18,0
224,23.72008482963382,17,0
225,28.491977447184293,16,0
226,26.854717162339533,16,0
227,13.427143657462985,15,0
228,4.957560026570785,17,0
229,6.680657759768599,17,0
230,6.067261583593832,17,0
231,20.519375559545416,18,0
232,26.52742359846185,18,0
233,20.92558833360773,19,0
234,27.783655597729243,16,0
235,21.56144102648462,16,0
236,27.71517682507797,15,0
237,26.01522096449062,16,0
238,27.452148757085073,16,0
239,23.835877385404,15,0
240,28.013945846301812,15,0
241,26.94667591807365,17,0
242,24.68951389788206,16,0
243,28.070941921321392,16,0
244,27.47480676012053,16,0
245,25.678364148402107,17,0
246,25.505196139836666,18,0
247,26.482702883589365,17,0
248,15.079884518172568,19,0
249,5.9725034139339765,18,0
250,5.115578821038458,18,0
251,5.824313984700133,19,0
252,26.16060725133943,18,0
253,25.89891879542325,19,0
254,26.199171731431107,20,0
255,27.31769333975954,17,0
256,23.624025593655656,19,0
257,26.517025554136584,17,0
258,27.271866628520897,16,0
259,25.213123820286857,17,0
260,28.13213229326662,17,0
261,24.645845942309162,17,0
262,27.798202592720234,16,0
263,26.682681052470862,17,0
264,26.616137322714724,17,0
265,23.580462354951877,16,0
266,27.29262944188861,17,0
267,25.86952686991544,17,0
268,26.293609498614575,18,0
269,4.471448872570812,18,0
270,4.505808569654493,19,0
271,5.411118436075637,20,0
272,5.396185633857903,20,0
273,23.83289769757029,21,0
274,24.368203948362208,20,0
275,25.072504139592436,19,0
276,25.315387308216945,19,0
277,26.118740114331263,17,0
278,25.956457701590445,17,0
279,21.378241035704274,17,0
280,20.627048293498575,17,0
281,25.964813232799713,19,0
282,25.652607887268815,18,0
283,24.982899211969954,22,0
284,25.316762538253066,22,0
285,26.478857590181942,22,0
286,24.08305006890216,22,0
287,25.104919465376994,20,0
288,25.442691367460707,20,0
289,26.314724888637933,18,0
290,4.354741381995478,18,0
291,4.0139415503754305,20,0
292,18.368276073485298,18,0
293,19.820166526476953,19,0
294,22.795378210632723,17,0
295,26.416985255679492,17,0
296,26.481532458676902,18,0
297,27.001493536591646,17,0
298,24.564293578841333,19,0
299,25.257610155304377,21,0
300,26.197698966908597,20,0
301,26.485713022777073,19,0
302,24.07213080883155,19,0
303,27.157442179689724,18,0
304,22.209358601663727,19,0
305,26.42064616915799,18,0
306,19.707204307643153,20,0
307,25.225102992031275,18,0
308,8.690786651886079,19,0
309,4.715753116623793,22,0
310,4.401370895132398,20,0
311,6.291830363906652,19,0
312,6.766217822868287,19,0
313,5.952787062071119,20,0
314,5.402406305184209,20,0
315,24.258694382269418,19,0
316,26.848872416287392,20,0
317,21.568758934907592,16,0
318,26.8480131093814,17,0
319,26.562535227323103,17,0
320,27.770778571570453,17,0
321,26.306802644288062,18,0
322,26.010381073455086,17,0
323,28.136850296508975,15,0
324,28.28866646882672,15,0
325,25.4559711592734,16,0
326,26.54521980177968,17,0
327,27.146720170868257,18,0
328,27.25184362188046,16,0
329,27.070504711501226,18,0
330,26.53648660618254,18,0
331,27.820512990587876,18,0
332,26.989504842186545,18,0
333,5.376768250395152,16,0
334,20.954651505538042,16,0
335,22.264650925768642,17,0
336,27.860428969026284,18,0
337,25.889327136146758,18,0
338,26.032336347668494,18,0
339,26.119716029393448,19,0
340,26.825004157126592,18,0
341,26.825347284402262,17,0
342,27.168524624144162,19,0
343,26.82380328078534,16,0
344,25.55118700236974,14,0
345,27.976574485399073,16,0
346,28.17559769721153,16,0
347,27.81700733509305,16,0
348,26.2710469449751,16,0
349,25.840997584898222,17,0
350,27.31929472607781,18,0
351,5.354720021039435,16,0
352,6.150709318661079,16,0
353,27.425402948965246,16,0
354,26.81317163916715,17,0
355,26.82020129679127,17,0
356,27.625365545222227,16,0
357,27.41823173721196,14,0
358,27.096037314107782,16,0
359,27.956808062495,15,0
360,27.68718520816693,16,0
361,27.62372807681922,17,0
362,22.07179918960164,17,0
363,26.456309883497227,16,0
364,26.2011356750645,16,0
365,27.654873208233884,15,0
366,27.598099724960193,15,0
367,27.516263202781605,15,0
368,26.806659636340395,15,0
369,27.34761687422573,15,0
370,22.901047780768664,15,0
371,6.370488277571552,17,0
372,5.334615379723571,17,0
373,7.3006885891928395,16,0
374,6.336754288027968,17,0
375,6.554193973828879,16,0
376,6.404749615956657,17,0
377,26.135829163576997,18,0
378,27.115656637488524,16,0
379,27.522040971666296,16,0
380,27.056011043522574,16,0
381,23.46398142709295,17,0
382,25.994905516544677,17,0
383,25.446087204470032,19,0
384,26.403515177458548,17,0
385,17.305875896898453,18,0
386,26.847153857478446,17,0
387,25.760056994755008,16,0
388,26.365507313792172,15,0
389,26.821744885756857,16,0
390,27.325524124721486,16,0
391,25.68732813581328,17,0
392,27.841565493298994,16,0
393,27.900088470262684,15,0
394,26.933352169473892,15,0
395,5.574885327045538,16,0
396,8.16434964397918,15,0
397,27.595376102846842,16,0
398,28.194537620241594,14,0
399,27.130038809831824,16,0
400,28.15781735668683,13,0
401,29.082477586481858,12,0
402,27.325346102478907,13,0
403,27.087112919370984,15,0
404,26.527255823366833,16,0
405,25.7008645992267,16,0
406,26.280594246759023,16,0
407,27.96594189853246,14,0
408,28.765741483721854,15,0
409,28.02161931040012,15,0
410,27.844153085272346,14,0
411,28.74326871021018,14,0
412,28.387075815206355,16,0
413,28.23287403827384,15,0
414,10.130508396795378,14,0
415,7.376896194508005,14,0
416,13.326588970934,13,0
417,26.908988259446975,13,0
418,27.287125105718562,15,0
419,27.449453864830726,15,0
420,27.94842509978477,16,0
421,27.487951136073193,17,0
422,22.964745046293,16,0
423,26.442966390739958,17,0
424,25.983632860656297,17,0
425,26.368988193283123,16,0
426,27.295471258533283,17,0
427,25.401088885255234,17,0
428,26.998886392749323,17,0
429,26.590657807982957,18,0
430,27.14426057636925,18,0
431,25.3092769819336,19,0
432,25.187535655735243,18,0
433,25.735873600245437,18,0
434,22.901673000480496,19,0
435,4.396604985183236,20,0
436,7.3215761369527765,18,0
437,6.782531638200641,18,0
438,4.801051255577355,18,0
439,26.485545774870236,17,0
440,26.079114593048562,18,0
441,25.16985117618819,18,0
442,26.250001564622018,19,0
443,25.25943546784383,22,0
444,23.761473399162686,22,0
445,24.86987251704714,23,0
446,24.91848313638821,22,0
447,25.761006289308177,21,0
448,23.801250695145896,21,0
449,23.454009651570477,21,0
450,26.760993287905467,18,0
451,27.6430261449539,17,0
452,25.767969921116656,17,0
453,24.747200358731696,19,0
454,26.4111631655836,18,0
455,25.88852815188811,17,0
456,4.062500242143884,19,0
457,4.52996048182153,17,0
458,5.799261110988208,17,0
459,26.975618226838602,16,0
460,28.491009747647997,16,0
461,27.641568746334165,17,0
462,28.14591330022816,17,0
463,28.228313759800788,18,0
464,27.267256959342618,17,0
465,28.538310278898557,16,0
466,27.9989853272987,15,0
467,28.548216716580452,13,0
468,28.637685117539824,14,0
469,28.457374702318354,15,0
470,29.184060562625678,14,0
471,29.214958869378062,15,0
472,24.62732295623888,18,0
473,25.996516694454602,17,0
474,28.14855777619693,18,0
475,25.70622016020789,18,0
476,27.572518883242726,17,0
477,5.583382587072624,16,0
478,27.901387650838842,15,0
479,26.874849424609785,18,0
480,25.526772564055747,19,0
481,23.52451835441263,17,0
482,23.844549806142055,17,0
483,23.90284545200686,17,0
484,25.5058165344036,17,0
485,26.658260029491025,18,0
486,25.95035513648625,19,0
487,24.67107035509885,18,0
488,24.691112667847957,19,0
489,26.4571442989428,17,0
490,24.497579038974845,18,0
491,23.95827883039065,18,0
492,25.225861550490166,18,0
493,26.292126097776553,18,0
494,24.323548173836393,17,0
495,5.735619939475408,19,0
496,24.749244712990937,19,0
497,24.477135320619062,19,0
498,19.820072866803077,20,0
499,20.90306247040941,18,0
500,25.048097939683487,19,0
501,21.13276298154922,19,0
502,23.5588732552588,20,0
503,24.66367164530166,21,0
504,24.8329139555124,20,0
505,24.758156200010625,20,0
506,23.03562739250545,21,0
507,24.892307327089934,21,0
508,21.955913376222956,20,0
509,24.112540026559813,21,0
510,25.688586740162304,20,0
511,25.277093766761283,20,0
512,4.4529821883005685,21,0
513,5.318886893711132,19,0
514,6.217689333744456,18,0
515,25.361615672995526,18,0
516,22.436872118028436,20,0
517,26.25427367814869,19,0
518,24.517197035235803,20,0
519,25.747406416127486,19,0
520,25.27084965115018,18,0
521,24.44161883395006,19,0
522,25.072654017670338,17,0
523,23.057788723722403,18,0
524,22.03295773908019,21,0
525,25.38863465775647,19,0
526,27.009839781567152,18,0
527,26.422976369718466,17,0
528,25.109728865713993,21,0
529,24.66686270127854,21,0
530,24.425108169647277,21,0
531,27.138991517253427,19,0
532,5.294935837956914,21,0
533,24.65004642852945,19,0
534,24.151138084517097,20,0
535,21.652155508406768,19,0
536,25.908037457070147,20,0
537,24.910639409885135,20,0
538,24.64439783069809,20,0
539,26.136480617160093,19,0
540,22.600690796031966,21,0
541,26.37031448438895,20,0
542,25.918123451297358,20,0
543,21.127227667912514,19,0
544,26.004091906704527,20,0
545,24.208289324075515,20,0
546,25.517144039130752,20,0
547,24.562567345982664,20,0
548,25.841952854484738,19,0
549,6.726858653186125,17,0
550,6.6218254958115335,18,0
551,5.683338753387534,20,0
552,24.7675128582142,21,0
553,24.293680857225603,20,0
554,24.827034290077602,20,0
555,26.65385544159327,21,0
556,26.016189158846043,21,0
557,24.63643625769466,21,0
558,25.839405625854784,20,0
559,25.52413176167033,21,0
560,25.16803878741329,21,0
561,25.311262514407787,20,0
562,24.46100461307875,20,0
563,25.053035235370363,19,0
564,25.683081256506032,20,0
565,26.83392832009008,20,0
566,25.83717721269466,19,0
567,25.31110977008026,18,0
568,25.459679622199427,19,0
569,5.414464376077909,20,0
570,25.73682111321785,18,0
571,23.489342637291248,19,0
572,24.534837060478612,17,0
573,26.103947671415323,15,0
574,26.641834939307515,16,0
575,27.6483105034871,16,0
576,23.50013446884805,16,0
577,26.305317754488954,16,0
578,27.826973090600287,16,0
579,26.55244582592126,17,0
580,23.741298601323393,16,0
581,25.65229410541509,16,0
582,25.815867544777497,16,0
583,26.97058785704181,16,0
584,26.880016406260015,16,0
585,26.467662445020792,15,0
586,26.534975674872047,15,0
587,5.47143554114237,16,0
588,5.61867827293759,16,0
589,5.826288073366459,17,0
590,6.564040927600464,17,0
591,27.596283917151354,17,0
592,25.921807596751666,17,0
593,26.563712823630745,17,0
594,25.86394356469834,18,0
595,25.34307345574951,17,0
596,26.92747314830865,17,0
597,27.06089873866899,16,0
598,25.622206746569905,17,0
599,25.77715500817385,18,0
600,26.483204525938273,18,0
601,26.15522380613861,18,0
602,26.217185575967445,18,0
603,25.580951683926763,18,0
604,27.67366705594373,16,0
605,27.279316310469973,16,0
606,26.196062756070752,17,0
607,26.930931085185208,17,0
608,26.58425342578625,17,0
609,4.568819251700384,17,0
610,4.924256014576808,17,0
611,5.919835374451142,17,0
612,25.787139335140886,17,0
613,26.142671046316668,18,0
614,25.141487040544753,18,0
615,26.640650406504065,17,0
616,25.384178705222322,17,0
617,24.579984645948464,19,0
618,24.48185007266975,18,0
619,24.2869286268515,17,0
620,25.182847604980967,17,0
621,26.303833032309853,17,0
622,25.15219151220039,17,0
623,26.203754724643115,17,0
624,25.927896741011818,18,0
625,26.807344961364173,17,0
626,26.409999055504834,17,0
627,23.750843733719904,17,0
628,24.952282367498945,17,0
629,4.3803231846839745,19,0
630,5.94965430956954,18,0
631,5.379098957217845,18,0
632,24.51074970342623,18,0
633,25.42603403228642,17,0
634,24.201444826551572,17,0
635,25.886610790860725,17,0
636,25.095906803645043,16,0
637,22.91042966232234,18,0
638,22.61909487035679,18,0
639,27.09883833619765,16,0
640,16.35505921162942,16,0
641,27.08116658811072,17,0
642,27.235386553421385,16,0
643,26.55244582592126,17,0
644,27.432398493093345,17,0
645,26.73523581267569,18,0
646,27.143206600873643,18,0
647,25.308818826368984,19,0
648,5.4439947770512145,18,0
649,25.187686912239823,18,0
650,22.914184567644938,18,0
651,25.269783890927275,17,0
652,22.924078375645614,17,0
653,23.9152478589593,16,0
654,24.694310829030492,17,0
655,25.56785291930312,17,0
656,23.378969370976282,17,0
657,27.241046957199455,16,0
658,26.64437357862506,17,0
659,26.706636697633254,17,0
660,28.260837926341182,16,0
661,27.067185513587464,16,0
662,24.506310180424418,16,0
663,26.295093066848892,17,0
664,24.811319861814397,17,0
665,6.721199408372207,17,0
666,5.636429606177316,17,0
667,25.10251545601992,18,0
668,23.183581421314745,18,0
669,27.438500085044026,18,0
670,26.056271005336367,18,0
671,24.306069702483747,18,0
672,25.98508165439992,16,0
673,26.553622527792548,17,0
674,25.511091107042716,18,0
675,18.317337758756224,16,0
676,23.799359949159083,17,0
677,23.050059077295085,16,0
678,23.07491376417321,16,0
679,27.15920069414766,17,0
680,25.777788703828897,17,0
681,26.613435193939125,15,0
682,25.292946348346792,16,0
683,24.407341456885817,16,0
684,4.9398044714121,16,0
685,8.396618373928728,17,0
686,27.406049280267638,17,0
687,25.01851498377553,17,0
688,27.656879100590157,17,0
689,26.940618034903363,18,0
690,26.209158168366326,18,0
691,27.153925833851254,17,0
692,26.009090739971352,17,0
693,26.55059693367263,17,0
694,26.852825936643704,18,0
695,26.21505537638441,18,0
696,26.54639586326496,18,0
697,26.448802512264947,16,0
698,26.971975357864004,16,0
699,25.037780789044824,18,0
700,25.455353187150653,15,0
701,25.85405905196326,15,0
702,26.216038502406402,15,0
703,5.333964104540154,16,0
704,27.110398676250064,16,0
705,24.136545167861705,14,0
706,28.045790093077994,13,0
707,24.541153479336955,14,0
708,27.615725469281873,14,0
709,28.167272190024647,14,0
710,27.365459646375676,14,0
711,22.197252270369823,15,0
712,27.135655504373478,16,0
713,24.900730819693543,14,0
714,27.562372268769508,16,0
715,26.317531827850388,15,0
716,27.96948519605228,15,0
717,27.127933148785345,17,0
718,29.187513047835104,15,0
719,29.104878218027896,12,0
720,27.71243004671261,16,0
721,4.985260435423925,16,0
722,27.506338328360165,16,0
723,27.62227271230531,15,0
724,26.0263595522351,16,0
725,22.307873140480485,16,0
726,22.20818265091627,16,0
727,26.10849740739127,15,0
728,27.451609736303006,15,0
729,28.37440129887701,14,0
730,25.137268063479887,15,0
731,27.308977973396185,15,0
732,28.4527416170894,14,0
733,27.737904399121764,15,0
734,26.049474266053053,16,0
735,26.390723018165115,16,0
736,27.0976128177795,16,0
737,26.988115537310264,17,0
738,27.778503354504572,17,0
739,26.02312999454013,16,0
740,6.714657351568641,16,0
741,26.11678850297015,16,0
742,27.894521923611528,16,0
743,26.458479473139715,17,0
744,27.68115521178443,17,0
745,29.447764547292742,14,0
746,26.830838514879353,16,0
747,28.369987080889864,16,0
748,28.632993139229274,16,0
749,27.855988204900015,16,0
750,28.392264108795278,14,0
751,29.907616833758787,14,0
752,27.525472670118585,15,0
753,27.8245732746897,16,0
754,28.59219872660095,13,0
755,28.21843820852143,13,0
756,28.954390131092993,12,0
757,28.470509974816895,14,0
758,29.444456924632146,13,0
759,28.35253559019563,16,0
760,5.395845474392175,16,0
761,25.566917806549142,14,0
762,28.823067778090834,14,0
763,27.57306266270478,14,0
764,28.381313268012775,14,0
765,28.412651316547105,16,0
766,29.988231508955064,14,0
767,29.822344517679515,14,0
768,26.673178673178672,17,0
769,29.29453753046928,14,0
770,30.40716843799388,15,0
771,29.351733404246385,13,0
772,27.343516327342186,16,0
773,29.895466111661523,14,0
774,25.93126302187985,14,0
775,28.194916678430502,13,0
776,28.80248312423175,13,0
777,28.622246485601202,14,0
778,29.522798620398394,13,0
779,30.458175691867517,14,0
780,28.6396405623724,14,0
781,28.57311025123985,15,0
782,28.215780586743445,16,0
783,24.36126873863775,13,0
784,25.93110270297005,14,0
785,27.52619524200164,15,0
786,27.789177979633347,15,0
787,26.490731442358097,17,0
788,27.52944728499511,16,0
789,27.07871885753391,15,0
790,28.07883461868038,13,0
791,27.26034537667115,17,0
792,6.738844518136846,15,0
793,21.853072963341184,16,0
794,28.929027630253955,14,0
795,27.85968874334943,17,0
796,27.069456455797503,19,0
797,26.79159134606172,18,0
798,26.719907245195035,15,0
799,28.82564292881393,14,0
800,27.83232801810231,13,0
801,26.793987440829444,15,0
802,26.07003716917569,15,0
803,28.786866343632894,14,0
804,20.140425348014194,16,0
805,28.77758337964583,15,0
806,25.45458076418896,15,0
807,27.316270042853606,14,0
808,27.17820717183106,16,0
809,27.504895306669816,16,0
810,28.01020421792149,15,0
811,27.12758223705486,16,0
812,6.668994444497445,17,0
813,28.613069371772394,16,0
814,28.332808689719464,16,0
815,27.33104396499482,17,0
816,27.075397645114645,16,0
817,27.706206030980614,16,0
818,27.68554040317364,16,0
819,27.374032449648222,16,0
820,27.500026226068712,18,0
821,26.817457577268833,17,0
822,26.815743037618596,16,0
823,27.960535438109968,15,0
824,27.672388995183745,15,0
825,28.278748651564186,15,0
826,27.78807332763567,14,0
827,27.72268746488648,15,0
828,28.306994573873606,14,0
829,26.813514463800544,15,0
830,27.79157169361251,15,0
831,28.521039031687746,13,0
832,5.49703543325662,16,0
833,26.835130103199635,17,0
834,23.316715216472836,16,0
835,29.37701978637717,15,0
836,29.386487679448464,16,0
837,28.707070845339373,15,0
838,29.500372772158844,16,0
839,27.814978148853065,16,0
840,28.769490362850675,16,0
841,28.25798193075477,16,0
842,27.377248635805852,17,0
843,28.699213805278248,15,0
844,27.91903135837477,14,0
845,25.83654059381545,16,0
846,28.305657346857515,15,0
847,27.074349010444234,17,0
848,28.522784612141365,17,0
849,27.905100262131917,17,0
850,29.62539377586913,16,0
851,28.588690768307977,15,0
852,6.706326098253188,16,0
853,26.23145044278781,16,0
854,27.465811014340908,16,0
855,27.39369873034119,18,0
856,27.50922482603021,15,0
857,28.317505755585113,16,0
858,27.204649232046492,18,0
859,26.336866428894357,17,0
860,28.12288959515093,17,0
861,27.547166341562733,18,0
862,25.893802359535997,18,0
863,27.89173948316908,17,0
864,27.772065737025414,17,0
865,27.204649232046492,17,0
866,26.9634791552827,16,0
867,26.26578243689217,17,0
868,28.263123138502177,15,0
869,27.76489590573594,15,0
870,28.116668342550696,17,0
871,26.17268727964806,16,0
872,27.174509384698116,16,0
873,10.691654537251113,16,0
874,10.765750249616913,15,0
875,28.17843706331291,16,0
876,25.880061949687477,17,0
877,24.838649311271926,19,0
878,26.271869715001564,18,0
879,28.467997882362525,17,0
880,28.142136339237787,16,0
881,26.637097440001018,15,0
882,27.172396815216477,17,0
883,22.721901697247457,17,0
884,27.826788474679724,16,0
885,27.852473603824954,14,0
886,26.245895074088907,16,0
887,26.173503900156007,13,0
888,29.481088907788656,14,0
889,25.80633729157694,18,0
890,26.008123073870365,18,0
891,24.232765593584617,17,0
892,27.842119936805492,16,0
893,7.343830596375976,15,0
894,6.114270553626459,15,0
895,6.885887088830371,15,0
896,7.872827574297475,15,0
897,21.655285644216125,16,0
898,27.406765595697827,15,0
899,27.720672015650404,17,0
900,27.26247164427458,16,0
901,27.841195876562384,14,0
902,21.495802626049343,15,0
903,27.016972952778474,15,0
904,28.252842593091557,15,0
905,27.111975850500638,13,0
906,28.06286589812727,16,0
907,28.307758760326116,13,0
908,27.28819028782595,14,0
909,26.44163278171789,16,0
910,25.95629707100024,16,0
911,27.820882058357267,15,0
912,28.281608846633628,12,0
913,24.41131895377667,15,0
914,27.26335768700762,15,0
915,28.72102769180202,14,0
916,7.257924909974684,15,0
917,6.552873040647053,14,0
918,27.100414165627484,15,0
919,27.681885980543566,17,0
920,28.225844224013784,14,0
921,26.075385600517244,14,0
922,28.722797838755845,13,0
923,30.851132376630158,11,0
924,29.153227544119385,13,0
925,28.69057602725202,12,0
926,28.116668342550696,12,1
927,28.19548528482502,14,0
928,28.421315118989536,14,0
929,27.71737463984563,14,0
930,28.304893273857324,14,1
931,27.799676555582067,14,1
932,25.186779400461184,13,0
933,29.50182526675623,13,1
934,23.380533242657183,13,1
935,28.369987080889864,12,1
936,7.125160321475349,12,1
937,6.840952053197024,13,1
938,6.920951108030955,14,1
939,5.447558387514904,13,1
940,26.797753598650626,14,1
941,28.331660395966036,14,1
942,27.409810354066735,16,1
943,28.347553392808866,16,1
944,28.007585672694248,15,1
945,29.35728034380665,15,0
946,28.6996065551336,14,0
947,24.620384012585188,18,0
948,25.61970265218613,16,0
949,27.734969714603118,15,0
950,28.402069395162382,15,0
951,28.469543732945983,14,0
952,26.74836422075686,16,1
953,28.40380044288839,16,0
954,28.035292230362014,15,0
955,27.30080126014593,15,0
956,27.238570241064007,16,1
957,26.280594246759023,17,0
958,5.627113368590801,16,0
959,27.245824753317788,14,0
960,26.607694991594506,17,0
961,27.311111834608496,16,1
962,27.54789005287183,14,1
963,26.97024100414105,15,1
964,26.592512284038676,16,1
965,26.66232709519935,14,1
966,25.952603116066676,15,1
967,26.779959264721846,15,0
968,27.328194736739228,15,0
969,28.590054872022087,14,0
970,26.374791702038017,14,1
971,25.921487194699893,14,1
972,27.544814542397816,15,0
973,26.124433980479722,16,0
974,26.4352999754196,16,0
975,28.425360035241095,12,0
976,22.245520986920965,14,0
977,4.916936293128511,14,1
978,6.056371869512984,15,0
979,6.996873821844545,15,1
980,7.967145977775667,14,0
981,20.766040033864908,15,0
982,23.35332568679636,15,1
983,21.910265317529554,15,1
984,23.62961544095278,17,1
985,25.854696534464267,17,1
986,26.827749421140833,15,1
987,27.532338635035874,17,0
988,25.19025855079427,20,0
989,26.36269013199246,19,1
990,26.57246395174983,18,1
991,25.13365292425695,18,1
992,26.77739472407365,18,0
993,27.25148949717694,17,0
994,27.136006625001617,16,1
995,26.46265276121616,17,1
996,27.67348446860732,15,1
997,27.226193412699445,16,0
998,28.263884958018302,16,0
999,5.915702414063514,15,0
1000,27.861169234039444,16,0
1001,24.941302395832714,15,0
1002,26.384580544512104,17,0
1003,26.33355935608629,19,0
1004,25.73445246159132,19,0
1005,26.212434067444942,18,0
1006,26.27417374527049,18,0
1007,23.98417182264207,18,0
1008,26.62103632993983,18,0
1009,27.473547000989083,16,0
1010,24.796504856664836,17,0
1011,24.730420221578882,19,0
1012,27.574694129790213,18,0
1013,26.117926907485476,16,0
1014,25.26110890278129,19,0
1015,27.459517496481062,17,0
1016,26.138760960470638,19,1
1017,5.023774360964485,20,1
1018,26.095989447880243,20,0
1019,26.816600280038617,19,0
1020,19.634783911317506,20,0
1021,23.999816895928223,20,0
1022,26.116300645699592,20,0
1023,26.1633814062578,19,0
1024,24.846006208089474,20,0
1025,25.960634794880047,18,0
1026,21.63696485408746,20,0
1027,25.544495602816145,19,0
1028,22.576725158789966,19,0
1029,24.944862408783,20,0
1030,19.68168103347145,20,0
1031,23.591338095505932,22,0
1032,24.807357681502292,22,0
1033,26.13990128134816,19,0
1034,25.57486844592411,19,0
1035,4.136467905741917,20,0
1036,5.352581150683253,19,0
1037,6.918017374609715,21,0
1038,25.837018055033663,22,0
1039,25.538429689164918,20,0
1040,25.817138777067868,19,0
1041,19.27821774441896,20,0
1042,21.824077591096174,21,0
1043,21.730793940273145,18,0
1044,16.276233531888472,20,0
1045,21.24408156649817,19,0
1046,25.946983897209385,18,0
1047,25.790469163131032,17,0
1048,26.395539389057408,18,0
1049,25.774937318715892,19,0
1050,25.795544840649946,20,0
1051,24.590072052952177,22,0
1052,25.605782555875045,21,0
1053,27.19159805510535,19,0
1054,4.841579621128258,21,0
1055,24.374151557415157,18,0
1056,21.452045826513913,19,0
1057,25.241346107553802,21,0
1058,25.432509292440532,22,0
1059,22.58487020294756,23,0
1060,20.253141085690554,22,0
1061,24.069644261062685,22,0
1062,24.19069700377772,21,0
1063,21.004707437751648,22,0
1064,25.253200072249985,22,0
1065,24.424397004530473,22,0
1066,25.641316574558616,20,0
1067,25.504885953870758,22,0
1068,24.36763766078338,22,0
1069,24.204377708656736,22,0
1070,23.644801226689516,22,0
1071,11.941112999609963,23,0
1072,4.520907953267935,23,0
1073,5.8272432357333885,21,0
1074,25.621424164493014,22,0
1075,24.546323877967847,21,0
1076,25.126124722937757,21,0
1077,26.068902935491288,20,0
1078,25.876389660065396,19,0
1079,26.38258900490628,20,0
1080,24.691112667847957,21,0
1081,25.676792164064892,20,0
1082,23.580860071175977,20,0
1083,25.619389674802708,20,0
1084,27.301689796130912,18,0
1085,26.863833166807574,19,0
1086,25.684968585040846,20,0
1087,24.789177241000242,21,0
1088,19.569465634608477,19,0
1089,24.873412166569807,23,0
1090,25.0944053224523,21,0
1091,5.130082315096809,21,0
1092,27.36528110340508,19,0
1093,25.484585191576237,18,0
1094,26.05125402168917,19,0
1095,27.823281237562025,20,0
1096,20.37058766391452,19,0
1097,27.440115666686292,20,0
1098,27.10899689762151,20,0
1099,26.822602511958664,19,0
1100,27.107945658777453,19,0
1101,26.834271675708877,20,0
1102,26.833413303136737,21,0
1103,26.86073647134166,18,0
1104,26.897599014980504,18,0
1105,26.48220126024422,18,0
1106,21.336046351922597,19,0
1107,27.254322752526072,18,0
1108,24.54819150181435,21,0
1109,5.22105598597861,22,0
1110,25.297980650920408,21,0
1111,26.891563175205647,21,0
1112,18.061613456089432,23,0
1113,24.33342615798756,23,0
1114,24.187348984193438,21,0
1115,25.03090740906514,22,0
1116,26.18804827642185,21,0
1117,25.588442719962906,22,0
1118,25.974943489704287,22,0
1119,26.565731803095943,20,0
1120,26.506970688979614,19,0
1121,25.659670008993082,22,0
1122,26.00247978971383,21,0
1123,24.636870392669387,22,0
1124,26.575326148250934,21,0
1125,26.333394024247067,20,0
1126,24.872379664715684,21,0
1127,5.525415199455139,21,0
1128,23.903254117512965,19,0
1129,24.959409681930435,19,0
1130,24.416292648283008,19,0
1131,27.266370663147562,17,0
1132,27.406944680406173,18,0
1133,26.76372546517267,19,0
1134,24.250559387593448,20,0
1135,25.962884555865056,21,0
1136,25.942329816054134,20,0
1137,22.870453777113756,23,0
1138,25.90915773542947,20,0
1139,25.13967873411652,21,0
1140,26.934043987799004,18,0
1141,26.56791937721304,19,0
1142,26.924361764271637,19,0
1143,26.270059688965997,20,0
1144,25.526617207612393,21,0
1145,5.15935012153239,20,0
1146,3.8090595283610877,20,0
1147,5.958410637421334,19,0
1148,5.703742384682332,20,0
1149,26.308122687072697,21,0
1150,25.996677823230446,18,0
1151,25.588598829867063,21,0
1152,26.859876404854152,20,0
1153,26.08316905568857,20,0
1154,26.141367554394908,21,0
1155,27.68115521178443,18,0
1156,26.833756645575694,18,0
1157,23.839941797017097,18,0
1158,27.134953290376007,18,0
1159,25.959992077639136,19,0
1160,26.514175901283892,19,0
1161,20.12013642708778,18,0
1162,25.607658540457045,19,0
1163,25.40339656467282,19,0
1164,25.367751300350793,20,0
1165,27.007057126667696,19,0
1166,5.694967908724183,20,0
1167,25.16667966710868,19,0
1168,24.70914949896022,18,0
1169,20.80518256538971,19,0
1170,26.1841246059244,20,0
1171,19.875957237091516,20,0
1172,26.545051801502463,20,0
1173,24.0069600256422,21,0
1174,26.51819911865307,19,0
1175,24.359995353699617,20,0
1176,26.05708037722252,19,0
1177,22.773223583835115,19,0
1178,26.755871958765518,20,0
1179,19.815671860383812,19,0
1180,22.773718188876764,20,0
1181,24.34656218255696,19,0
1182,25.892843252853623,19,0
1183,25.823337827770697,19,0
1184,5.611131549691838,19,0
1185,4.886694915945386,21,0
1186,5.817665335108744,18,0
1187,5.580129049424599,20,0
1188,26.05610913699277,19,0
1189,26.548748298889134,19,0
1190,26.835816884737195,19,0
1191,25.96674219630276,17,0
1192,26.10996015936255,20,0
1193,19.91758119126425,18,0
1194,27.99188467698879,19,0
1195,24.77277908700557,17,0
1196,27.818852306794366,18,0
1197,26.965386000102864,19,0
1198,28.068687679850097,15,0
1199,27.646305853816088,17,0
1200,27.29049846770468,17,0
1201,27.07871885753391,17,0
1202,25.928217301534314,17,0
1203,26.305482733966358,16,0
1204,23.572510846840366,18,0
1205,5.103056258516644,17,0
1206,27.966687781296883,15,0
1207,27.860984164098205,15,0
1208,27.087287850998425,16,0
1209,24.903983517299118,15,0
1210,26.83993831229083,16,0
1211,27.700716573655185,16,0
1212,25.39539840155001,16,0
1213,22.145801103513822,15,0
1214,28.856779200407296,15,0
1215,26.199171731431107,17,0
1216,27.898974983204624,17,0
1217,25.876230018939978,17,0
1218,28.422278089868605,17,0
1219,26.75058197751175,16,0
1220,27.654326197179383,16,0
1221,27.62209080252361,16,0
1222,27.189306573838184,16,0
1223,6.071319077237967,17,0
1224,5.759919141760095,19,0
1225,26.57111724906875,17,0
1226,26.901739442762583,16,0
1227,27.06229554736849,16,0
1228,21.6040876874897,16,0
1229,23.0070705685527,17,0
1230,23.743045727806898,17,0
1231,21.24063889479708,19,0
1232,26.06647276704701,18,0
1233,26.11678850297015,18,0
1234,27.33692237502444,16,0
1235,26.66537820895902,17,0
1236,26.194426749603426,20,0
1237,25.260500355331782,18,0
1238,25.133954146142692,18,0
1239,23.539040884474,21,0
1240,19.048913191574396,21,0
1241,24.681087442626808,20,0
1242,5.37503876565043,20,0
1243,8.631462838421836,18,0
1244,25.759740578784456,17,0
1245,25.48845688727918,17,0
1246,26.450136844627746,16,0
1247,26.644881364545945,17,0
1248,24.655117888066588,19,0
1249,26.496923446245592,20,0
1250,25.71157795364405,20,0
1251,26.16582967865899,17,0
1252,25.490005894972256,17,0
1253,27.05426586597692,18,0
1254,25.360542243344398,18,0
1255,25.95613644239814,16,0
1256,27.06072414771994,15,0
1257,23.074405989888486,16,0
1258,25.181789254387283,17,0
1259,25.461997960273905,16,0
1260,26.60600716800406,16,0
1261,5.354268871025599,15,0
1262,5.916436740750772,15,0
1263,11.839754301973715,15,0
1264,26.06388108672417,16,0
1265,26.94165633571213,17,0
1266,26.620867368634844,17,0
1267,26.528430293600497,18,0
1268,26.50127631612202,18,0
1269,25.936073511133646,18,0
1270,26.44746831452172,19,0
1271,25.628155933031895,18,0
1272,25.66579366050667,18,0
1273,24.307055721364204,18,0
1274,26.456977411643003,17,0
1275,26.303503116808187,17,0
1276,26.20948572142723,18,0
1277,26.28273511128935,17,0
1278,24.607961512511366,20,0
1279,26.122481518157983,20,0
1280,25.999739649518663,20,0
1281,4.944521398181953,19,0
1282,4.481745210842601,20,0
1283,5.899153447041566,20,0
1284,7.499014864637752,16,0
1285,6.773899926677929,16,0
1286,5.605904351010567,18,0
1287,28.049353654377295,17,0
1288,22.919067785033196,17,0
1289,27.48687030204531,17,0
1290,27.322320079212048,17,0
1291,26.99089429010856,16,0
1292,27.45376594644482,17,0
1293,27.01401483924155,17,0
1294,25.640062597809077,17,0
1295,21.41283860362062,16,0
1296,27.55096625021348,18,0
1297,27.220009215453405,19,0
1298,26.1942631601956,20,0
1299,24.67818310190633,18,0
1300,26.90726199640749,19,0
1301,26.798096029134587,18,0
1302,27.50579717748282,19,0
1303,26.1265494773823,19,0
1304,7.46600401931693,18,0
1305,4.897124636449293,20,0
1306,6.256252069604336,18,0
1307,21.653273310170725,16,0
1308,27.00810055506188,18,0
1309,25.09245366548213,19,0
1310,25.03479189919959,18,0
1311,21.339302885226886,17,0
1312,25.303932865580336,18,0
1313,27.519151783956854,17,0
1314,26.05659474805708,18,0
1315,25.86649563372638,18,0
1316,27.953081680528896,17,0
1317,26.04316618235104,18,0
1318,27.539027208740414,17,0
1319,26.559507601902215,17,0
1320,26.740519725601203,18,0
1321,26.871578030201107,19,0
1322,26.178568084933747,19,0
1323,26.210140852111532,18,0
1324,5.565372464150798,19,0
1325,25.588754941676022,20,0
1326,25.817774440162996,18,0
1327,24.412455619579767,20,0
1328,25.170908523521753,21,0
1329,25.202064568850005,19,0
1330,25.01687353497277,19,0
1331,25.555390370812667,19,0
1332,27.097787885052718,18,0
1333,26.998886392749323,16,0
1334,27.06247015859497,16,0
1335,27.26140846901303,16,0
1336,28.37209805725418,17,0
1337,25.958385423758184,16,0
1338,27.034212493876815,14,0
1339,26.37363079593043,18,0
1340,26.673178673178672,15,0
1341,27.161487103438002,16,0
1342,25.841952854484738,17,0
1343,4.759855784780233,18,0
1344,5.3017291940539994,17,0
1345,4.955158709531078,16,0
1346,21.139473113889856,16,0
1347,26.701536150139102,15,0
1348,27.00514438399382,16,0
1349,26.85953239368072,14,0
1350,27.502370382998812,15,0
1351,25.92517229656643,15,0
1352,27.97153698924301,15,0
1353,27.104091813787576,16,0
1354,28.22470458399505,16,0
1355,27.25148949717694,18,0
1356,23.868703193644578,17,0
1357,23.36568490365278,17,0
1358,26.282899807623618,16,0
1359,20.91995231753727,18,0
1360,27.55712070642033,17,0
1361,25.836222296140246,17,0
1362,19.59323395727546,17,0
1363,4.79351767724387,17,0
1364,27.642479602462203,17,0
1365,26.685736826701618,17,0
1366,24.599013530236295,20,0
1367,26.835130103199635,19,0
1368,26.226365779386846,19,0
1369,25.973013307572746,20,0
1370,26.917968399029636,18,0
1371,27.015928838734194,16,0
1372,28.15441517033059,18,0
1373,26.454641210492788,18,0
1374,28.04503998502233,18,0
1375,27.623364221313366,16,0
1376,28.265599202097192,17,0
1377,27.316270042853606,17,0
1378,27.667095429389377,18,0
1379,25.77763027699418,17,0
1380,25.255937183872057,20,0
1381,4.522662894100369,20,0
1382,25.010459028514866,18,0
1383,20.004788591324257,17,0
1384,27.218419447364663,17,0
1385,25.44948394808536,16,0
1386,19.683251208409594,16,0
1387,24.59252310145879,16,0
1388,26.719056173476538,17,0
1389,26.432301283707563,17,0
1390,26.361695976267395,16,0
1391,27.115831937988506,17,0
1392,27.45538332635107,16,0
1393,25.497753758427205,17,0
1394,26.890011539941018,16,0
1395,25.748512845698148,18,0
1396,28.104045777998152,17,0
1397,25.84657098664629,18,0
1398,26.609889482432656,19,0
1399,5.478017033648051,17,0
1400,6.741747423003541,17,0
1401,6.352965411110371,17,0
1402,9.240407218186906,18,0
1403,25.85278418126456,18,0
1404,26.323973539859665,19,0
1405,26.297895819226042,19,0
1406,26.26150657742325,19,0
1407,25.765120707660177,19,0
1408,26.522894415672287,19,0
1409,27.389405495768468,18,0
1410,24.81117309182545,20,0
1411,25.937677404194005,20,0
1412,25.977839300866485,20,0
1413,26.17579070870466,16,0
1414,26.869512296683514,17,0
1415,26.236537078159696,16,0
1416,26.936119656033856,17,0
1417,26.022968537694585,18,0
1418,27.195829496971974,18,0
1419,24.106996499738486,17,0
1420,5.113371093626183,17,0
1421,27.798571068782227,16,0
1422,27.496420610987283,14,0
1423,24.466997614144795,18,0
1424,26.109635089204566,17,0
1425,25.841952854484738,19,0
1426,26.573642428581383,17,1
1427,23.04398037502816,16,1
1428,23.607936284580532,17,0
1429,27.22248255719617,17,0
1430,26.33240207680669,16,0
1431,27.350113461488302,16,0
1432,24.495862169659805,16,0
1433,27.686819679056843,14,0
1434,25.98298900418151,15,0
1435,27.81313369097432,15,0
1436,26.952216938696825,17,0
1437,26.502615948439278,17,0
1438,14.118385221538906,18,0
1439,5.460202900701548,16,0
1440,6.236632878679964,17,0
1441,7.4050016330782205,16,0
1442,5.000457805585228,16,0
1443,21.354839366631026,16,0
1444,26.372635814889335,16,0
1445,27.69705814375805,15,0
1446,28.75233244445663,13,0
1447,28.324390029780997,14,0
1448,25.74772252915899,15,0
1449,26.1281770158477,16,1
1450,27.15920069414766,16,1
1451,26.83787744028461,16,0
1452,24.269643156792288,18,0
1453,25.752781393521133,17,0
1454,26.749387755102042,17,1
1455,26.49173535449234,16,1
1456,28.565131816417292,13,0
1457,29.201127858808785,14,0
1458,28.051604791300218,14,0
1459,28.138737940935744,16,0
1460,6.03534319389545,14,1
1461,5.32201166088275,14,1
1462,27.386544086920185,15,1
1463,28.475342168151204,14,1
1464,28.451197590573933,14,0
1465,26.253123356951505,15,0
1466,27.15832140845253,15,0
1467,29.238583209597703,13,0
1468,27.36028284594159,16,0
1469,27.098663255351177,16,0
1470,26.912096091163413,18,0
1471,27.423071893715512,17,0
1472,26.679116866925764,17,1
1473,25.77319511610616,17,1
1474,27.099188504677727,17,0
1475,25.763063334213744,17,0
1476,26.689132952390647,18,0
1477,26.433967139552912,18,0
1478,25.39339964764217,18,0
1479,26.734042960035694,17,0
1480,5.365096907554082,17,0
1481,5.011463159932229,16,0
1482,5.377795443180799,15,0
1483,26.814200139367475,16,0
1484,27.151816463398845,14,0
1485,20.99219731435464,15,0
1486,28.87426081329469,12,0
1487,23.388747002732394,14,0
1488,27.7994923016762,16,0
1489,22.014108162579777,15,0
1490,27.42594094107185,15,0
1491,28.261218769371748,16,0
1492,27.39477224929134,17,0
1493,26.447301549268243,17,0
1494,27.066312175731138,16,0
1495,22.110777827565304,18,0
1496,27.72268746488648,16,0
1497,27.299379722860433,17,0
1498,27.63501235381321,17,0
1499,26.71922638348293,18,0
1500,5.070428392340992,18,0
1501,4.662472153919349,19,0
1502,5.607988062830585,19,0
1503,5.493565109876436,20,0
1504,26.372967466894703,20,0
1505,26.060318367651263,20,1
1506,24.672957010753194,20,1
1507,25.980413897337108,20,1
1508,27.09428696932896,19,1
1509,26.45948094222738,17,1
1510,27.953267976034176,17,0
1511,26.99315244812851,17,0
1512,27.273462646387536,16,0
1513,28.47901573225962,15,0
1514,27.382610625824228,15,0
1515,26.924707438101414,15,0
1516,27.920332303759718,18,0
1517,26.226693762701267,18,0
1518,27.425044299286636,18,0
1519,25.45890693665477,18,0
1520,28.59609746785388,17,0
1521,22.021967867268717,18,0
1522,5.288373230717245,18,0
1523,6.093537889353789,18,1
1524,4.841339317044342,17,0
1525,6.529776518483346,17,0
1526,27.0009720675426,16,0
1527,25.284865145103147,17,0
1528,26.267756380147173,17,0
1529,26.681323155216283,18,1
1530,26.001996193593584,18,1
1531,24.31128242283727,18,1
1532,23.5601966016009,18,0
1533,26.72058814160758,17,0
1534,25.20524500318498,17,0
1535,26.757408151678117,18,0
1536,26.372469992014636,19,1
1537,26.633883667767336,17,1
1538,23.8395352934824,18,0
1539,26.561021328334768,17,0
1540,24.52838044889414,17,0
1541,26.25065872236026,17,0
1542,26.58897214509401,18,0
1543,5.878253021250713,18,0
1544,4.972783276345305,18,0
1545,5.585598350809813,16,0
1546,6.525743233571691,17,0
1547,6.2727850552829505,17,0
1548,5.191670658541808,17,0
1549,27.433833917639056,17,0
1550,29.06011140980517,16,0
1551,23.21848930222259,17,0
1552,27.495339110825586,16,0
1553,24.408335709588627,17,0
1554,21.045917317718132,17,0
1555,24.123079754530657,17,0
1556,27.249364942211365,16,0
1557,26.20670178135173,15,0
1558,27.155332262909827,14,0
1559,26.668599586711174,15,0
1560,21.79935032873366,16,0
1561,28.037353690247798,16,0
1562,23.854992179724157,17,0
1563,27.844153085272346,17,0
1564,27.13688446632721,17,0
1565,22.901297864556884,17,0
1566,5.49606301276163,18,0
1567,25.477000078964473,15,0
1568,28.346787056310994,17,0
1569,25.77747185210679,16,0
1570,26.526752510814845,17,0
1571,28.4527416170894,16,0
1572,21.683609743992722,17,0
1573,27.211532597624192,18,0
1574,28.1597078155317,17,0
1575,25.88709010449134,17,0
1576,24.705074363127668,19,0
1577,25.575024390243904,17,0
1578,27.096562461641827,17,0
1579,24.324253478162532,16,0
1580,26.11922806274637,17,0
1581,27.53035076664566,16,0
1582,27.43670521743681,16,0
1583,27.576325789951216,16,0
1584,5.116252744571847,16,0
1585,28.387844331641286,17,0
1586,26.829637116119002,17,0
1587,25.45674366662216,17,0
1588,25.82143011050574,18,0
1589,23.456895346431107,19,0
1590,27.31555845001628,18,0
1591,26.70561643225071,19,0
1592,21.3499478252017,19,1
1593,27.121968883773263,18,0
1594,26.4571442989428,19,0
1595,24.43407239977164,19,0
1596,23.622961160674055,21,0
1597,26.789366784614796,20,0
1598,26.09144406982097,20,0
1599,20.54601208962389,20,1
1600,24.903983517299118,20,0
1601,19.506939018491646,20,1
1602,5.593583714969287,19,1
1603,9.640194444763667,21,1
1604,25.794592998942214,20,1
1605,23.36516425177287,19,1
1606,25.23861215746212,19,0
1607,24.12280227522387,21,0
1608,24.454586797579207,19,0
1609,25.99957848278598,17,0
1610,26.494747547486845,17,0
1611,25.98234517961457,19,0
1612,26.2720342751912,18,0
1613,24.688932578317225,17,0
1614,26.20621055920025,18,1
1615,26.633038067117504,15,0
1616,27.676406155145564,16,0
1617,27.0698058653449,16,0
1618,26.810772112170085,16,0
1619,26.333228694483857,16,0
1620,26.819686806616833,16,1
1621,5.309366542528817,17,0
1622,27.088337488213487,17,0
1623,26.049474266053053,18,1
1624,27.333181276107684,16,0
1625,25.411399767351686,17,0
1626,23.562843740344373,19,0
1627,26.546227848101267,19,0
1628,19.3961635929783,18,0
1629,24.654248346803822,19,0
1630,27.24847980874175,17,0
1631,26.513002692827975,18,0
1632,27.12530153207396,17,0
1633,27.12705588648079,17,0
1634,24.917890984702215,16,0
1635,27.97172353082402,17,0
1636,28.264456349607467,16,0
1637,26.662496583201428,17,0
1638,26.94736842105263,15,0
1639,4.896049942159825,17,0
1640,27.488851896029676,16,0
1641,28.596292432826765,15,0
1642,28.442901318287852,16,0
1643,28.135151633048693,16,0
1644,22.41780466816678,16,0
1645,27.603366919163665,15,0
1646,28.277223450730812,17,0
1647,22.042220879207505,15,0
1648,28.005154604757994,16,0
1649,25.842430515763727,15,0
1650,23.11955814748261,16,0
1651,27.399962110571803,17,0
1652,27.788441535210055,17,0
1653,27.114780168986403,18,0
1654,24.572640459312204,18,0
1655,26.513170287679287,18,0
1656,26.278289090350917,17,0
1657,4.912668824148808,17,0
1658,27.326236236888395,17,0
1659,24.381377558434917,19,0
1660,27.343516327342186,18,0
1661,25.210547511285018,20,0
1662,26.338024100622295,20,0
1663,21.179074934356695,18,0
1664,26.457978767023913,18,0
1665,23.99597235571422,19,0
1666,27.154277427457885,18,0
1667,28.01319744065827,17,0
1668,27.248656830835397,15,0
1669,26.659954489404168,18,0
1670,26.016996042527325,19,0
1671,26.804946477073013,19,0
1672,27.1533984605126,16,0
1673,26.943906262044866,19,0
1674,26.982386166257093,19,0
1675,5.0377854568209965,19,0
1676,25.12025585587744,20,0
1677,26.23752181610044,21,0
1678,26.46048248713031,19,0
1679,24.125854898735124,21,0
1680,25.02642680270891,22,0
1681,26.25065872236026,19,0
1682,25.712838935514128,20,0
1683,26.402351741459515,18,0
1684,22.641683805945576,20,0
1685,24.66193141728209,20,0
1686,23.964712604273796,20,0
1687,25.03583792947019,20,0
1688,25.513418817976106,19,0
1689,24.730274407141426,20,0
1690,24.729691166586086,19,0
1691,26.433300772018278,18,0
1692,26.083006852978123,18,0
1693,5.057332781898134,19,0
1694,25.37588558083818,19,0
1695,25.057375678065334,20,0
1696,26.85488910515802,18,0
1697,26.104435067279088,20,0
1698,26.58223163018265,19,0
1699,25.07835071271405,17,0
1700,25.204184769218752,18,0
1701,25.509849834873098,17,0
1702,23.092572812861313,20,0
1703,24.11572870909133,20,0
1704,24.640199269189647,19,0
1705,25.80141608380854,19,0
1706,21.446999989773275,19,0
1707,25.43343459884909,21,0
1708,25.344145407084245,19,0
1709,26.295587626797737,20,0
1710,25.783017882060772,19,0
1711,4.739032037556988,21,0
1712,5.151732964525139,21,0
1713,6.015935192104406,21,0
1714,26.113373884783243,20,0
1715,21.659758837047175,20,0
1716,21.679238748959794,19,0
1717,25.329758195038288,20,0
1718,25.372508453865187,19,0
1719,26.072305932666964,20,0
1720,20.374149924221815,20,0
1721,25.6417868474626,21,0
1722,24.274699771392193,19,0
1723,25.598593827243377,20,0
1724,25.901957636015563,21,0
1725,26.306967642391665,19,0
1726,22.675100284364287,20,0
1727,24.414871385912114,20,0
1728,25.900038285312025,20,0
1729,25.602969094316357,21,0
1730,26.34877877173585,20,0
1731,4.997085840233514,22,0
1732,26.321660767628085,20,0
1733,26.85024742175647,20,0
1734,21.879520083463746,20,0
1735,24.021809351446702,20,0
1736,25.39693611867999,18,0
1737,25.688429407873784,18,0
1738,25.274504368785777,20,0
1739,26.131107096131082,18,0
1740,26.499434542801005,20,0
1741,23.02879763689172,21,0
1742,26.500606550748078,20,0
1743,26.39636997551873,19,0
1744,27.62099939414693,18,0
1745,28.01244907500167,18,0
1746,26.97457730672515,20,0
1747,26.38574241480615,21,0
1748,24.989746247937035,20,0
1749,5.67070644796686,22,0
1750,24.798117513509677,22,0
1751,25.26902268866049,22,0
1752,20.700958472761013,19,0
1753,24.910195573029572,20,0
1754,23.87318644665919,20,0
1755,25.659983971319676,21,0
1756,25.10146384669707,21,0
1757,23.72478081339442,22,0
1758,21.86651652121326,20,0
1759,24.913450743963647,20,0
1760,22.99849210135272,18,0
1761,24.437061938859337,21,0
1762,24.851600364985128,21,0
1763,25.178312442971713,21,0
1764,24.102702019331332,21,0
1765,24.6783283027083,21,0
1766,25.611880510979216,20,0
1767,5.720397316490708,21,0
1768,25.64460884717679,21,0
1769,25.914120132959333,21,0
1770,22.880559480233263,21,0
1771,25.10717364237142,20,0
1772,20.37682243717116,21,0
1773,25.283645789378504,21,0
1774,25.591565279998047,20,0
1775,25.751990814929425,20,0
1776,25.65025471046178,19,0
1777,24.579264433557583,18,0
1778,26.901049282947227,16,0
1779,26.015543687935345,17,0
1780,19.882175598934385,20,0
1781,23.92370522473192,18,0
1782,21.403769117324366,18,0
1783,26.502615948439278,16,0
1784,25.638495299338608,20,0
1785,4.780100541226804,17,0
1786,4.665703336614885,20,0
1787,5.4647559213517845,21,0
1788,25.907397341503188,18,0
1789,21.840100809181134,18,0
1790,23.76201186314889,21,0
1791,24.323971351523763,20,0
1792,23.68231633983976,18,0
1793,23.97992098748492,17,0
1794,22.835091845512256,20,0
1795,26.193445243804955,17,0
1796,23.653868711933228,18,0
1797,21.59752424009928,22,0
1798,24.8329139555124,19,0
1799,25.921006606472982,19,0
1800,25.043162589635962,19,0
